{"loss": [2.059222459793091, 0.9117960333824158, 0.5688872933387756, 0.4077169597148895, 0.3211750388145447, 0.2525026798248291, 0.21110177040100098, 0.1796877384185791, 0.1562265008687973, 0.13387835025787354], "accuracy": [0.3964577913284302, 0.7117006778717041, 0.8196457624435425, 0.8672878742218018, 0.8947862386703491, 0.9164378643035889, 0.9288569688796997, 0.9395974278450012, 0.9477772116661072, 0.9548332095146179], "val_loss": [1.2585673332214355, 0.7851513028144836, 0.6208523511886597, 0.4650581479072571, 0.3604843318462372, 0.2898595929145813, 0.2821684181690216, 0.272505521774292, 0.19867300987243652, 0.21039918065071106], "val_accuracy": [0.609207808971405, 0.7438538670539856, 0.7993398308753967, 0.8502731323242188, 0.8787844181060791, 0.9022877216339111, 0.9065558910369873, 0.9111085534095764, 0.9351240396499634, 0.9296039342880249]}