{"loss": [2.3046135902404785, 0.9461530447006226, 0.5774502754211426, 0.4143511950969696, 0.3177033066749573, 0.25899267196655273, 0.21614903211593628, 0.18887990713119507, 0.16076675057411194, 0.1439073085784912], "accuracy": [0.33343765139579773, 0.7009887099266052, 0.8138132095336914, 0.8642435669898987, 0.8947008848190308, 0.913436233997345, 0.9276904463768005, 0.9360267519950867, 0.9466533660888672, 0.9505939483642578], "val_loss": [1.044147253036499, 0.5588713884353638, 0.489423930644989, 0.3208234906196594, 0.26924818754196167, 0.21112322807312012, 0.26192179322242737, 0.1950962096452713, 0.2054063379764557, 0.12149941921234131], "val_accuracy": [0.6734578013420105, 0.8231276869773865, 0.8452082872390747, 0.8964830636978149, 0.9129865765571594, 0.9292624592781067, 0.9138401746749878, 0.9344980716705322, 0.9367744326591492, 0.9605622291564941], "lr": [